{
  "cooks": [
    {
      "fileName": "homecook_01",
      "title": "오트밀",
      "material": "오트 35g, 치아씨드 2t, 말차 파우더 1t, 메이플시럽 1t, 바닐라 1t, 그릭요거트 1/2컵, 아몬드우유 1/2컵",
      "recipe": "1) 치아씨드, 말차 파우더, 메이플시럽, 바닐라를 넣고 섞어줍니다.\n2) 요거트 1/2컵과 아몬드 우유 1/2컵을 넣고 잘 섞어줍니다.\n3) 냉장고에 하루동안 숙성시켜줍니다.\n4) 아침에 원하는 토핑을 사용해 완성해주세요!\n"
    },
    {
      "fileName": "homecook_02",
      "title": "치킨 데리야끼",
      "material": "닭가슴살 330g, 꽈리고추 7개, 홍고추 1개, 양파 중간 크기 1/4개, 양조간장 4 큰 술, 올리고당 3 큰 술, 다진마늘 1/3 큰 술, 생강가루 1/4 작은 술, 후추 조금",
      "recipe": "1) 양파는 한 입 크기로 잘라서 한 겹씩 떼어내고, 꽈리고추는 꼭지를 뗀 후 반으로 썰기, 홍고추는 어슷썰어 준비하기\n2) 닭가슴살은 기름기를 제거하고 10분간 밑간하기\n3) 양념 재료를 다 섞어 양념 만들기\n4) 팬에 식용유를 약간 두르고 닭가슴살을 넣어 노릇하게 굽기\n5) 양파, 꽈리고추를 넣고 1분동안 볶기\n6) 홍고추, 양념을 넣고 양념을 졸이듯 볶고, 중간에 한 번씩 섞어서 양념이 골고루 스며들게 하기\n7) 양념이 약간 남았을 때 불을 끄고 마무리\n"
    },
    {
      "fileName": "homecook_03",
      "title": "또띠아롤",
      "material": "또띠아 1장, 로메인 3장, 크래미 3개, 치즈 1장, 파프리카 2개, 머스타드소스 2t",
      "recipe": "1) 팬에 또띠아를 올린 후 약불로 살짝 구워주기\n2) 크래미를 결에 따라 잘게 찢어주기\n3) 파프리카는 위쪽과 아래쪽 기둥 부분을 제거한 후, 안에 있는 씨 제거한 후 채썰기\n4) 잘 구워진 또띠아 위에 머스터드 소스를 얇게 펴바르\n5) 치즈 - 상추 - 파프리카 - 크래미 순으로 준비해놓은 재료를 겹겹이 쌓아 올리기\n6) 또띠아 돌돌 말아주기\n"
    },
    {
      "fileName": "homecook_04",
      "title": "닭가슴살 카레 두부면",
      "material": "닭가슴살, 카레가루, 두부면, 양파, 미니새송이버섯",
      "recipe": "1) 새송이와 양파, 닭가슴살 를 먹기 좋게 다듬어주기\n2) 올리브유를 두르고 야채를 먼저 달달 볶아주기\n3) 야채가 어느 정도 익으면 닭가슴살을 넣고 볶아주기\n4) 닭가슴살이 익으면 물과 카레가루를 넣기\n5) 카레가 걸쭉해지면 면두부를 찬물에 씻고 물기를 제거해 넣어주기\n"
    },
    {
      "fileName": "homecook_05",
      "title": "두부 다이어트식",
      "material": "두부, 양파, 파프리카, 크래미, 깻잎, 라이스페이퍼",
      "recipe": "1) 양파와 파프리카를 다지고 두부와 크래미르 으깬 후 섞어주기\n2) 라이스페이퍼를 물에 담갔다 꺼낸 후 깻잎과 으깬 재료 넣어주기\n3) 라이스페이퍼를 돌돌 말아주기\n"
    },
    {
      "fileName": "homecook_06",
      "title": "계란 두부 유부초밥",
      "material": "유부, 두부, 계란, 양파, 원하는 야채",
      "recipe": "1) 두부의 수분을 최대한 빼준다.\n2) 야채는 다진 후 삶은 계란과 두부를 으깨 다 함께 섞어준다.\n3) 유부에 밥 대신 으깨놓은 재료를 넣어주기\n"
    },
    {
      "fileName": "homecook_07",
      "title": "애플 시나몬 파이",
      "material": "통밀 또띠아, 삶은 고구마, 사과, 치즈, 견과류 슬라이스, 시나몬 파우더, 꿀",
      "recipe": "1) 사과를 깨끗이 씻어 얇게 슬라이스해주기\n2) 삶은 고구마와 시나몬 파우, 꿀을 넣고 으깨면서 섞어주기\n3) 기름을 두르지 않은 팬에 중불에서 사과 수분이 살짝 날아갈 때까지 구워주기\n4) 팬에 또띠아를 깔고 으깬 고구마와 사과, 견과류, 치즈를 올린 뒤 약불에 노릇노릇하게 앞뒤로 구워주기\n"
    },
    {
      "fileName": "homecook_08",
      "title": "닭가슴살 아보카도 랩",
      "material": "아보카도, 닭가슴살, 통밀 토르티야, 양상추, 토마토, 양파, 레몬즙, 소금, 후추",
      "recipe": "1) 아보카도에 레몬즙과 후추, 소금 간을 해준 뒤 으깨주기\n2) 토마토와 양파를 잘게 다져 아보카도와 섞어주기\n3) 닭가슴살은 슬라이스로 잘라주기\n4) 통밀 토르티야 위에 초록색 야채를 올리고 닭가슴살과 아보카도를 올려 말아주기\n5) 소스는 스리라차나 꿀을 뿌려주기\n"
    }
  ]
}