{
  "mobilegames": [
    {
      "fileName": "onlinegame_11",
      "title": "Fishing & Life ( 피싱 앤 라이프 )"
    },
    {
      "fileName": "onlinegame_12",
      "title": "길건너친구들 ( Crossy Road )"
    },
    {
      "fileName": "onlinegame_13",
      "title": "카트라이더 러쉬플러스"
    },
    {
      "fileName": "onlinegame_14",
      "title": "라이즈 오브 킹덤즈"
    },
    {
      "fileName": "onlinegame_15",
      "title": "V4"
    },
    {
      "fileName": "onlinegame_16",
      "title": "기적의 검"
    },
    {
      "fileName": "onlinegame_17",
      "title": "어몽어스"
    },
    {
      "fileName": "onlinegame_18",
      "title": "바람의 나라:연"
    },
    {
      "fileName": "onlinegame_19",
      "title": "세븐나이츠2"
    },
    {
      "fileName": "onlinegame_20",
      "title": "뮤 아크엔젤"
    }
  ]
}