{
  "onlinegames": [
    {
      "fileName": "onlinegame_01",
      "title": "리그 오브 레전드(LOL)",
      "age": "12",
      "information": "'리그 오브 레전드'는 실시간 전투와 협동을 통한 팀플레이를 주요 콘텐츠로 내세운 AOS 게임이다. 플레이어는 100명이 넘는 챔피언 중 한 명을 골라서 다른 유저와 팀을 이루어 게임을 즐길 수 있다. 전투 전에 룬과 특성, 소환사 주문을 자신의 플레이에 맞게 설정할 수 있으며, 각 챔피언의 역할에 따른 장단점, 순간순간 달라지는 전황, 아이템을 통한 상황 역전 등을 게임에서 만날 수 있다."
    },
    {
      "fileName": "onlinegame_02",
      "title": "플레이어언노운스 배틀그라운드",
      "age": "15",
      "information": "'플레이어언노운스 배틀그라운드’는 블루홀에서 개발한 FPS 신작으로, 고립된 섬에서 살아남기 위한 사람들의 사투를 그린다. 플레이어는 마치 영화 ‘배틀로얄’처럼 섬에 널려있는 다양한 장비를 사용해 최후의 1인이 되기 위한 경쟁에 뛰어들게 된다. 특히 다른 FPS 보다 현실적인 요소를 많이 도입해, 플레이의 긴장감을 높인 것이 특징이다."
    },
    {
      "fileName": "onlinegame_03",
      "title": "서든어택",
      "age": "15",
      "information": "'서든어택'은 실제 존재하는 무기를 소재로 삼은 1인칭 온라인 슈팅(FPS) 게임이다. '서든어택'은 간편한 조작법과 빠른 진행, 간결한 인터페이스, 낮은 사양, 매니아부터 초보 유저에 이르기까지 누구나 쉽게 즐길 수 있도록 낮춘 진입 장벽 등을 장점으로 내세웠다."
    },
    {
      "fileName": "onlinegame_04",
      "title": "오버워치",
      "age": "15",
      "information": "'오버워치'는 미래 시대를 배경으로 삼은 FPS 게임이다. 6 VS 6, 12명이 치고 박는 멀티플레이를 지원하는 '오버워치'는 블리자드 특유의 무거운 이미지가 아닌 '가벼움'을 전면에 내세웠다. 공격과 수비, 돌격, 지원 등 4가지 병과로 나뉘며, 캐릭터마다 4 ~ 5가지 기술과 '궁극기'를 사용할 수 있다."
    },
    {
      "fileName": "onlinegame_05",
      "title": "로스트아크",
      "age": "19",
      "information": "'로스크아크'는 쿼터뷰 방식을 채택한 MMORPG로, 논타겟팅 핵앤슬래쉬 액션이 핵심이다. 다양한 카메라 시점과 높낮이에 차이를 둔 입체적인 맵을 제공해, 여타 쿼터뷰 방식 게임에서 느껴지는 정적인 느낌을 상쇄했다. 또한 거대 보스가 플레이어를 쫓는 추격전이나 나선계단을 올라가며 몬스터를 잡는 구성의 던전도 제공해 지루함을 덜었다."
    },
    {
      "fileName": "onlinegame_06",
      "title": "피파 온라인 4",
      "age": "전체",
      "information": "'피파 온라인 4’는 패키지 게임 ‘피파 18’ 그래픽과 애니메이션 요소, ‘피파 17’의 게임 플레이 및 AI 엔진을 기반으로 PC 온라인 환경에 최적화했다. 여기에 선수 개인기, 세트피스, 볼 움직임, 향상된 AI, 정교한 수비 시스템 등을 통해 더욱 전략적인 플레이를 즐길 수 있게 되었다."
    },
    {
      "fileName": "onlinegame_07",
      "title": "스타크래프트",
      "age": "12",
      "information": "'스타크래프트'는 인간의 후예인 테란과 사이오닉 에너지를 사용하는 프로토스, 왕성한 번식력을 자랑하는 저그 등 세 종족의 이야기를 그린 실시간 전략 시뮬레이션 게임이다. '스타크래프트'는 기존 RTS 게임과 달리 각 종족마다 다른 성능, 역할을 보이는 유닛이 등장하는 것이 특징이다."
    },
    {
      "fileName": "onlinegame_08",
      "title": "아이온:영원의 탑",
      "age": "15",
      "information": "'아이온'은 천족과 마족, 그리고 두 종족을 위협하는 용족간 극한 대릭을 그린 RVR 중심 MMORPG다. 동서양 신화 및 설화를 바탕으로 개발된 1,500여개 이상의 퀘스트와 5,000장 이상의 원화 작업 및 5,500여 개에 이르는 효과음을 통한 사실적인 묘사, 다양한 커스터마이징 옵션을 제공하여 유저가 자신이 원하는 캐릭터를 만들 수 있는 것 등을 특징으로 내세웠다."
    },
    {
      "fileName": "onlinegame_09",
      "title": "발로란트",
      "age": "15",
      "information": "발로란트는 라이엇게임즈가 선보이는 FPS로, 5 대 5 팀전을 메인으로 삼는다. 가상의 미래를 기반으로 한 지구를 무대로 한다. 각기 다른 능력을 지닌 각국 캐릭터와 현대전을 연상시키는 각종 무기가 등장한다."
    },
    {
      "fileName": "onlinegame_10",
      "title": "메이플스토리",
      "age": "전체",
      "information": "메이플스토리'는 귀여운 2D 그래픽을 기반으로 개발된 횡스크롤 MMORPG이다. '메이플스토리'는 판타지 뿐 아니라 현대, SF 등 다양한 세계가 결합된 하이브리드 세계관을 채택하여 다양한 이야기를 게임에서 만날 수 있도록 구성되었다. 독특한 특징을 가진 여러 가지 직업과 퀘스트, 미니 게임 등 다양한 콘텐츠도 지원한다."
    }
  ]
}