{
  "trainings": [
    {
      "fileName": "training_01",
      "title": "12분 서서하는 복근운동 홈트레이닝",
      "youtuber": "BIGSIS 빅씨스",
      "information": "서서하는 복근운동 홈트레이닝 - 복근운동을 제대로 하면서 체지방까지 태우는 루틴",
      "code": "3VouSaW_LPw"
    },
    {
      "fileName": "training_02",
      "title": "전신 다이어트 유산소운동 [홈트레이닝]",
      "youtuber": "Tankyou BUBU",
      "information": "연휴동안 쉬면서 늘었던 살을 없애자! 집에서도 쉽게 할 수 있는 강도높은 다이어트 운동 프로그램",
      "code": "sqQpL1wKW6M"
    },
    {
      "fileName": "training_03",
      "title": "힙으뜸 기초체력 홈트 15분 루틴",
      "youtuber": "힙으뜸",
      "information": "#전신운동루틴 #홈트레이닝전신운동 #과식후운동 #코어운동 #전신순환운동",
      "code": "rSBOuArsz1k"
    },
    {
      "fileName": "training_04",
      "title": "초보 홈트레이닝 여자 살빼기 운동",
      "youtuber": "BIGSIS 빅씨스",
      "information": "초보 홈트레이닝 여자 살빼기 운동 - 체지방 태우기 시작! 살빼기 운동 하면서 확찐자 탈출하자",
      "code": "JxCvhEPm0hg"
    },
    {
      "fileName": "training_05",
      "title": "살이 너무 빠지는 죽음의 타바타 운동",
      "youtuber": "에이핏 afit",
      "information": "층간소음 걱정 없는 죽음의 타바타 운동! 살 너무 빠져도 책임은 못 져요~",
      "code": "4EKo44DUvjg"
    },
    {
      "fileName": "training_06",
      "title": "30분 전신 근력운동",
      "youtuber": "MAKEDANDAN",
      "information": "#근력운동 #하체운동 #상체운동 #등운동 #팔운동 #복부운동 으로 전신근력운동 시작하자!",
      "code": "wNXXc1zBYYw"
    },
    {
      "fileName": "training_07",
      "title": "작심삼일도 괜찮아! 오늘 딱 5분만 하자",
      "youtuber": "여리나핏",
      "information": "여리나와 함께 작심 3일 극복하기! 하루에 딱 5분씩만 따라해 군살 없고 날씬한 라인을 가져봐요",
      "code": "bo6G-AWcFpM&t=346s"
    },
    {
      "fileName": "training_08",
      "title": "[딩코치]2배 빠르게 지방 불태우는 스마트한 홈트레이닝",
      "youtuber": "딩고 헬스",
      "information": "딱 10분만 투자해서 오늘 먹은 칼로리 불태워버리자",
      "code": "OwOfylESbB0"
    },
    {
      "fileName": "training_09",
      "title": "전신 유산소 다이어트 홈트레이닝",
      "youtuber": "필라배",
      "information": "10분 칼로리 폭발 운동! 10분만에 할 수 있는 전신 다이어트 유산소 운동~",
      "code": "v94VDLH9v0k"
    },
    {
      "fileName": "training_10",
      "title": "[중급자 전신타바타]무조건 빠지는 전신유산소운동 홈트레이닝",
      "youtuber": "어바웃더핏",
      "information": "#최고의 다이어트운동 #타바타운동 #전신유산소운동홈트레이닝",
      "code": "oXs1-t1ipdc"
    }
  ]
}